"ORDER_CREATED_TIME","ACTUAL_PICKUP_TIME","ACTUAL_DELIVERY_TIME","STORE_NAME"
"2025-07-05 02:06:57.226821000","2025-07-05 22:25:29.400000000","2025-07-05 22:42:14.255000000","Store 216"
"2025-07-05 03:03:59.477198000","2025-07-05 03:19:27.289000000","2025-07-05 03:27:43.787000000","Store 054"
"2025-07-05 03:28:20.067304000","2025-07-05 03:38:43.097000000","2025-07-05 03:46:43.596000000","Store 001"
"2025-07-05 03:53:13.584569000","2025-07-05 04:19:16.872000000","2025-07-05 04:38:42.600000000","Store 200"
"2025-07-05 04:00:37.755898000","2025-07-05 04:22:54.904000000","2025-07-05 04:26:31.090000000","Store 160"
"2025-07-05 04:45:10.655740000","2025-07-05 05:02:29.946000000","2025-07-05 05:30:25.048000000","Store 001"
"2025-07-05 05:00:41.494168000","2025-07-05 05:11:16.605000000","2025-07-05 05:43:06.880000000","Store 001"
"2025-07-05 05:47:42.709973000","2025-07-05 06:03:57.688000000","2025-07-05 06:28:50.680000000","Store 223"
"2025-07-05 06:37:50.817805000","2025-07-05 06:49:53.858000000","2025-07-05 07:01:42.676000000","Store 240"
"2025-07-05 16:01:49.288218000","2025-07-05 16:12:34.939000000","2025-07-05 16:20:46.764000000","Store 025"
"2025-07-05 16:26:04.244671000","2025-07-05 16:31:45.756000000","2025-07-05 16:39:11.642000000","Store 025"
"2025-07-05 16:36:41.036858000","2025-07-05 16:54:05.716000000","2025-07-05 17:07:56.184000000","Store 047"
"2025-07-05 20:45:48.860248000","2025-07-05 21:01:34.606000000","2025-07-05 21:09:31.210000000","Store 080"
"2025-07-05 21:11:50.570245000","2025-07-05 21:21:39.935000000","2025-07-05 21:33:58.564000000","Store 047"
"2025-07-05 21:53:58.587697000","2025-07-05 22:06:18.451000000","2025-07-05 22:33:23.106000000","Store 138"
"2025-07-06 01:14:20.547648000","2025-07-06 01:22:21.756000000","2025-07-06 01:39:33.445000000","Store 006"
"2025-07-06 01:49:43.328676000","2025-07-06 02:13:56.009000000","2025-07-06 02:22:01.706000000","Store 143"
"2025-07-06 02:21:27.276435000","2025-07-06 02:40:26.329000000","2025-07-06 02:58:33.622000000","Store 166"
"2025-07-06 02:50:48.883892000","2025-07-06 03:16:00.571000000","2025-07-06 03:32:43.437000000","Store 206"
"2025-07-06 03:16:12.292863000","2025-07-06 03:42:05.646000000","2025-07-06 04:05:13.944000000","Store 150"
"2025-07-06 04:17:31.012183000","2025-07-06 04:29:22.725000000","2025-07-06 04:44:33.710000000","Store 121"
"2025-07-06 07:07:02.907166000","2025-07-06 07:23:58.328000000","2025-07-06 07:40:51.813000000","Store 115"
"2025-07-06 18:14:54.584774000","2025-07-06 18:32:38.223000000","2025-07-06 18:46:31.734000000","Store 242"
"2025-07-06 18:39:55.388508000","2025-07-06 19:02:47.234000000","2025-07-06 19:12:22.583000000","Store 027"
"2025-07-06 18:41:54.349276000","2025-07-06 19:02:21.387000000","2025-07-06 19:22:20.083000000","Store 027"
"2025-07-06 19:14:31.390002000","2025-07-06 19:33:09.896000000","2025-07-06 19:40:28.563000000","Store 018"
"2025-07-06 19:35:57.064256000","2025-07-06 19:47:22.669000000","2025-07-06 20:01:07.822000000","Store 006"
"2025-07-07 18:18:08.320427000","2025-07-07 18:35:26.413000000","2025-07-07 18:48:25.843000000","Store 050"
"2025-07-07 18:49:49.506131000","2025-07-07 18:59:06.974000000","2025-07-07 19:11:58.121000000","Store 007"
"2025-07-07 19:09:29.678254000","2025-07-07 19:26:51.503000000","2025-07-07 19:41:10.752000000","Store 175"
"2025-07-07 19:10:23.160180000","2025-07-07 19:24:47.187000000","2025-07-07 19:35:10.471000000","Store 155"
"2025-07-07 19:41:53.566798000","2025-07-07 19:56:37.954000000","2025-07-07 20:06:47.419000000","Store 004"
"2025-07-07 20:05:37.008738000","2025-07-07 20:19:23.818000000","2025-07-07 20:24:35.152000000","Store 090"
"2025-07-07 20:07:52.631094000","2025-07-07 20:18:52.311000000","2025-07-07 20:42:44.984000000","Store 090"
"2025-07-08 01:25:53.527966000","2025-07-08 19:03:03.228000000","2025-07-08 19:18:51.584000000","Store 079"
"2025-07-08 01:29:47.277236000","2025-07-08 01:53:37.594000000","2025-07-08 02:16:31.516000000","Store 028"
"2025-07-08 01:35:21.689284000","2025-07-08 01:53:11.952000000","2025-07-08 02:25:26.710000000","Store 028"
"2025-07-08 02:43:04.947076000","2025-07-08 02:53:06.874000000","2025-07-08 03:17:20.863000000","Store 013"
"2025-07-08 02:49:45.506307000","2025-07-08 03:08:22.827000000","2025-07-08 03:17:20.866000000","Store 169"
"2025-07-08 03:32:41.852173000","2025-07-08 03:47:03.962000000","2025-07-08 04:01:05.335000000","Store 008"
"2025-07-08 03:52:25.655771000","2025-07-08 04:12:02.114000000","2025-07-08 04:29:56.445000000","Store 086"
"2025-07-08 04:00:59.357167000","2025-07-08 04:12:24.309000000","2025-07-08 04:19:08.090000000","Store 086"
"2025-07-08 04:43:27.548679000","2025-07-08 04:53:54.202000000","2025-07-08 05:09:16.967000000","Store 001"
"2025-07-08 16:07:01.097582000","2025-07-08 19:03:03.293000000","2025-07-08 19:49:33.797000000","Store 079"
"2025-07-08 18:23:49.238004000","2025-07-08 18:40:29.853000000","2025-07-08 18:44:56.219000000","Store 058"
"2025-07-08 18:46:47.394006000","2025-07-08 19:13:19.763000000","2025-07-08 20:13:38.325000000","Store 105"
"2025-07-08 19:04:32.796321000","2025-07-08 19:23:05.503000000","2025-07-08 19:32:47.795000000","Store 058"
"2025-07-08 19:27:00.528290000","2025-07-08 19:58:59.509000000","2025-07-08 20:22:45.303000000","Store 091"
"2025-07-08 20:32:31.696926000","2025-07-08 20:44:27.147000000","2025-07-08 20:55:58.445000000","Store 003"
"2025-07-08 20:41:12.738915000","2025-07-08 21:01:44.506000000","2025-07-08 21:12:09.955000000","Store 036"
"2025-07-09 02:58:46.597411000","2025-07-09 03:05:47.590000000","2025-07-09 03:36:20.814000000","Store 001"
"2025-07-09 03:01:54.593581000","2025-07-09 03:15:26.082000000","2025-07-09 03:29:33.105000000","Store 228"
"2025-07-09 03:38:23.835753000","2025-07-09 03:47:52.956000000","2025-07-09 03:59:04.588000000","Store 102"
"2025-07-09 03:39:20.463427000","2025-07-09 04:13:44.627000000","2025-07-09 04:43:39.543000000","Store 018"
"2025-07-09 03:57:03.132823000","2025-07-09 04:19:42.228000000","2025-07-09 04:43:46.072000000","Store 259"
"2025-07-09 11:38:18.539832000","2025-07-09 19:40:33.315000000","2025-07-09 20:11:55.513000000","Store 020"
"2025-07-09 16:19:14.190370000","2025-07-09 18:24:45.300000000","2025-07-09 18:45:14.903000000","Store 010"
"2025-07-09 18:00:16.509957000","2025-07-09 18:24:59.658000000","2025-07-09 18:31:28.519000000","Store 010"
"2025-07-09 18:40:11.594053000","2025-07-09 19:00:17.631000000","2025-07-09 19:11:12.705000000","Store 084"
"2025-07-09 18:46:19.442572000","2025-07-09 19:02:09.610000000","2025-07-09 19:23:47.081000000","Store 084"
"2025-07-09 19:20:59.286890000","2025-07-09 19:40:55.592000000","2025-07-09 19:53:06.815000000","Store 020"
"2025-07-10 01:31:51.712107000","2025-07-10 02:16:01.702000000","2025-07-10 02:47:37.173000000","Store 023"
"2025-07-10 02:04:59.425043000","2025-07-10 02:18:47.530000000","2025-07-10 02:34:13.053000000","Store 008"
"2025-07-10 02:56:38.992456000","2025-07-10 03:43:01.087000000","2025-07-10 04:02:02.732000000","Store 130"
"2025-07-10 04:20:32.264722000","2025-07-10 04:34:37.821000000","2025-07-10 04:42:56.192000000","Store 001"
"2025-07-10 18:11:59.949443000","2025-07-10 18:17:11.888000000","2025-07-10 18:22:57.227000000","Store 007"
"2025-07-10 18:18:50.259002000","2025-07-10 18:33:36.064000000","2025-07-10 18:39:42.584000000","Store 248"
"2025-07-10 18:42:45.634527000","2025-07-10 18:47:41.341000000","2025-07-10 18:54:27.644000000","Store 039"
"2025-07-10 18:43:20.675829000","2025-07-10 18:47:55.038000000","2025-07-10 19:13:26.934000000","Store 039"
"2025-07-10 19:14:24.218699000","2025-07-10 19:21:48.488000000","2025-07-10 19:28:41.965000000","Store 190"
"2025-07-10 21:32:28.599556000","2025-07-10 21:44:21.334000000","2025-07-10 21:50:23.958000000","Store 067"
"2025-07-11 01:10:55.941679000","2025-07-11 01:28:54.785000000","2025-07-11 01:38:37.299000000","Store 024"
"2025-07-11 01:51:30.311775000","2025-07-11 02:05:40.107000000","2025-07-11 02:26:09.005000000","Store 180"
"2025-07-11 02:25:16.415744000","2025-07-11 02:36:52.475000000","2025-07-11 02:47:39.811000000","Store 091"
"2025-07-11 02:47:33.053884000","2025-07-11 03:05:42.705000000","2025-07-11 03:15:35.254000000","Store 031"
"2025-07-11 03:15:34.047339000","2025-07-11 03:23:34.727000000","2025-07-11 03:30:38.660000000","Store 001"
"2025-07-11 03:32:57.696774000","2025-07-11 03:43:24.065000000","2025-07-11 03:51:12.410000000","Store 029"
"2025-07-11 04:00:28.132291000","2025-07-11 04:10:31.140000000","2025-07-11 04:32:50.458000000","Store 001"
"2025-07-11 18:21:47.948973000","2025-07-11 18:32:01.561000000","2025-07-11 18:46:24.725000000","Store 030"
"2025-07-11 18:52:43.073606000","2025-07-11 19:03:46.180000000","2025-07-11 19:32:08.541000000","Store 001"
"2025-07-11 18:58:14.616943000","2025-07-11 19:14:18.380000000","2025-07-11 19:20:41.044000000","Store 001"
"2025-07-11 19:30:38.435949000","2025-07-11 19:48:38.265000000","2025-07-11 20:04:23.493000000","Store 173"
"2025-07-11 20:19:59.695593000","2025-07-11 20:43:27.939000000","2025-07-11 20:52:35.332000000","Store 267"
"2025-07-12 00:17:39.148246000","2025-07-12 00:41:43.586000000","2025-07-12 00:53:49.722000000","Store 222"
"2025-07-12 00:52:25.412719000","2025-07-12 01:01:01.767000000","2025-07-12 01:08:35.879000000","Store 012"
"2025-07-12 00:57:39.034112000","2025-07-12 01:14:08.766000000","2025-07-12 01:25:08.430000000","Store 246"
"2025-07-12 01:30:04.098173000","2025-07-12 01:55:14.154000000","2025-07-12 02:12:24.475000000","Store 037"
"2025-07-12 02:26:29.102928000","2025-07-12 02:43:30.612000000","2025-07-12 02:57:15.825000000","Store 023"
"2025-07-12 02:54:58.146151000","2025-07-12 03:05:15.965000000","2025-07-12 03:15:44.202000000","Store 035"
"2025-07-12 04:35:11.356569000","2025-07-12 04:48:45.320000000","2025-07-12 05:16:32.434000000","Store 260"
"2025-07-12 04:44:18.538297000","2025-07-12 05:02:42.740000000","2025-07-12 05:23:03.919000000","Store 001"
"2025-07-12 17:17:42.856868000","2025-07-12 17:28:19.126000000","2025-07-12 17:37:27.077000000","Store 032"
"2025-07-12 17:38:22.093914000","2025-07-12 17:48:21.189000000","2025-07-12 18:09:31.207000000","Store 094"
"2025-07-12 17:38:23.228067000","2025-07-12 18:01:07.609000000","2025-07-12 18:09:31.476000000","Store 244"
"2025-07-12 23:39:17.938012000","2025-07-12 23:49:42.359000000","2025-07-13 00:08:50.471000000","Store 031"
"2025-07-13 00:32:46.505910000","2025-07-13 00:39:08.369000000","2025-07-13 00:55:28.361000000","Store 002"
"2025-07-13 01:03:33.400924000","2025-07-13 01:15:25.238000000","2025-07-13 01:31:31.572000000","Store 007"
"2025-07-13 01:53:12.846932000","2025-07-13 02:08:03.790000000","2025-07-13 02:31:57.387000000","Store 261"
"2025-07-13 01:53:16.353756000","2025-07-13 02:26:38.912000000","2025-07-13 02:31:57.395000000","Store 101"
"2025-07-13 18:43:53.645077000","2025-07-13 19:32:31.049000000","2025-07-13 19:47:22.282000000","Store 168"
"2025-07-13 18:49:25.310104000","2025-07-13 19:04:05.936000000","2025-07-13 19:13:53.825000000","Store 002"
"2025-07-14 18:47:40.352162000","2025-07-14 19:04:55.103000000","2025-07-14 19:19:52.542000000","Store 167"
"2025-07-14 19:19:56.067904000","2025-07-14 19:30:56.828000000","2025-07-14 19:51:08.213000000","Store 096"
"2025-07-14 19:24:28.907917000","2025-07-14 19:30:41.499000000","2025-07-14 19:44:41.160000000","Store 096"
"2025-07-14 19:48:08.646888000","2025-07-14 20:10:18.387000000","2025-07-14 20:19:56.638000000","Store 031"
"2025-07-14 19:55:35.754697000","2025-07-14 20:06:36.140000000","2025-07-14 20:30:18.649000000","Store 003"
"2025-07-14 20:25:06.920516000","2025-07-14 20:44:33.292000000","2025-07-14 20:59:55.451000000","Store 083"
"2025-07-14 20:30:22.470369000","2025-07-14 20:42:57.729000000","2025-07-14 20:51:23.392000000","Store 089"
"2025-07-15 01:05:19.272046000","2025-07-15 01:16:42.785000000","2025-07-15 01:22:56.274000000","Store 053"
"2025-07-15 01:28:07.690852000","2025-07-15 01:40:24.581000000","2025-07-15 02:01:59.258000000","Store 215"
"2025-07-15 01:57:24.873961000","2025-07-15 02:23:49.755000000","2025-07-15 02:39:45.087000000","Store 231"
"2025-07-15 02:40:29.823274000","2025-07-15 03:00:39.742000000","2025-07-15 03:06:26.059000000","Store 075"
"2025-07-15 03:11:14.100402000","2025-07-15 03:24:26.465000000","2025-07-15 03:58:14.247000000","Store 023"
"2025-07-15 03:21:47.548517000","2025-07-15 03:29:17.780000000","2025-07-15 03:51:26.911000000","Store 001"
"2025-07-15 17:50:09.699461000","2025-07-15 18:43:20.819000000","2025-07-15 18:53:03.019000000","Store 027"
"2025-07-15 18:45:30.885898000","2025-07-15 19:14:45.503000000","2025-07-15 19:27:46.578000000","Store 037"
"2025-07-15 19:09:35.956678000","2025-07-15 19:35:33.883000000","2025-07-15 19:54:59.343000000","Store 078"
"2025-07-15 19:20:12.884537000","2025-07-15 19:35:11.481000000","2025-07-15 19:43:14.182000000","Store 078"
"2025-07-15 20:02:28.906406000","2025-07-15 20:14:59.134000000","2025-07-15 20:29:12.943000000","Store 277"
"2025-07-16 18:13:45.060980000","2025-07-16 18:22:29.058000000","2025-07-16 18:47:22.366000000","Store 032"
"2025-07-16 18:45:28.312610000","2025-07-16 18:54:12.087000000","2025-07-16 19:00:05.262000000","Store 131"
"2025-07-16 18:46:39.932421000","2025-07-16 19:05:53.069000000","2025-07-16 19:19:37.545000000","Store 077"
"2025-07-16 19:11:41.629679000","2025-07-16 19:31:01.561000000","2025-07-16 19:40:17.809000000","Store 051"
"2025-07-16 19:16:46.789530000","2025-07-16 19:30:14.511000000","2025-07-16 19:42:26.493000000","Store 063"
"2025-07-16 19:31:08.700625000","2025-07-16 19:51:02.071000000","2025-07-16 20:07:26.947000000","Store 051"
"2025-07-16 19:34:28.317043000","2025-07-16 19:50:38.974000000","2025-07-16 19:58:46.528000000","Store 052"
"2025-07-16 20:26:58.386955000","2025-07-16 20:37:26.440000000","2025-07-16 20:50:40.253000000","Store 041"
"2025-07-16 20:28:28.733829000","2025-07-16 20:33:58.875000000","2025-07-16 20:46:39.274000000","Store 258"
"2025-07-17 00:36:41.858697000","2025-07-17 00:50:25.456000000","2025-07-17 00:58:40.505000000","Store 237"
"2025-07-17 00:59:16.972004000","2025-07-17 01:10:39.493000000","2025-07-17 01:28:01.712000000","Store 002"
"2025-07-17 00:59:36.681030000","2025-07-17 01:10:14.837000000","2025-07-17 01:39:50.355000000","Store 002"
"2025-07-17 01:46:39.389250000","2025-07-17 02:01:24.986000000","2025-07-17 02:16:17.310000000","Store 157"
"2025-07-17 02:08:52.366628000","2025-07-17 02:30:55.213000000","2025-07-17 02:40:57.940000000","Store 164"
"2025-07-17 02:48:52.636715000","2025-07-17 02:57:54.938000000","2025-07-17 03:08:16.601000000","Store 013"
"2025-07-17 18:28:50.345260000","2025-07-17 18:36:07.424000000","2025-07-17 18:52:59.981000000","Store 002"
"2025-07-17 18:46:22.415892000","2025-07-17 18:56:09.705000000","2025-07-17 19:11:58.631000000","Store 233"
"2025-07-17 19:32:20.669373000","2025-07-17 19:43:29.542000000","2025-07-17 20:00:45.459000000","Store 030"
"2025-07-18 00:52:16.333724000","2025-07-18 01:01:01.670000000","2025-07-18 01:17:43.315000000","Store 002"
"2025-07-18 01:18:01.450959000","2025-07-18 01:31:55.384000000","2025-07-18 01:39:14.014000000","Store 076"
"2025-07-18 01:35:38.919969000","2025-07-18 01:52:52.963000000","2025-07-18 02:03:35.605000000","Store 075"
"2025-07-18 02:11:51.332500000","2025-07-18 02:27:52.935000000","2025-07-18 02:44:29.868000000","Store 127"
"2025-07-19 00:17:51.374869000","2025-07-19 00:40:31.326000000","2025-07-19 00:48:41.863000000","Store 024"
"2025-07-19 00:38:25.277202000","2025-07-19 01:15:49.056000000","2025-07-19 01:32:36.036000000","Store 014"
"2025-07-19 00:56:04.483629000","2025-07-19 01:13:58.533000000","2025-07-19 01:45:42.327000000","Store 181"
"2025-07-19 01:33:17.999303000","2025-07-19 01:52:36.309000000","2025-07-19 02:12:28.897000000","Store 111"
"2025-07-19 02:01:09.315409000","2025-07-19 02:24:58.506000000","2025-07-19 02:45:38.450000000","Store 014"
"2025-07-19 02:38:29.364821000","2025-07-19 03:03:04.286000000","2025-07-19 03:21:09.184000000","Store 185"
"2025-07-19 03:30:43.322952000","2025-07-19 03:41:38.917000000","2025-07-19 03:57:40.940000000","Store 008"
"2025-07-19 03:39:39.924684000","2025-07-19 03:47:08.155000000","2025-07-19 04:06:34.374000000","Store 001"
"2025-07-19 18:43:53.025817000","2025-07-19 18:54:58.908000000","2025-07-19 19:14:53.657000000","Store 006"
"2025-07-19 19:21:45.015717000","2025-07-19 19:41:26.433000000","2025-07-19 20:01:07.195000000","Store 099"
"2025-07-19 20:05:11.667139000","2025-07-19 20:20:05.047000000","2025-07-19 20:34:38.283000000","Store 082"
"2025-07-20 01:19:22.751254000","2025-07-20 01:48:02.857000000","2025-07-20 02:07:35.125000000","Store 146"
"2025-07-20 01:56:24.176462000","2025-07-20 02:18:02.767000000","2025-07-20 02:24:06.975000000","Store 199"
"2025-07-20 02:03:38.233952000","2025-07-20 02:15:18.515000000","2025-07-20 02:34:15.978000000","Store 135"
"2025-07-20 02:36:48.350830000","2025-07-20 02:50:02.475000000","2025-07-20 03:01:36.667000000","Store 057"
"2025-07-20 02:39:19.522137000","2025-07-20 02:46:36.976000000","2025-07-20 02:56:30.418000000","Store 057"
"2025-07-20 02:47:10.360259000","2025-07-20 03:08:43.413000000","2025-07-20 03:18:36.968000000","Store 154"
"2025-07-20 03:03:49.024320000","2025-07-20 03:36:16.655000000","2025-07-20 03:49:31.047000000","Store 220"
"2025-07-20 03:28:41.788430000","2025-07-20 03:56:32.632000000","2025-07-20 04:03:32.523000000","Store 229"
"2025-07-20 04:03:00.555232000","2025-07-20 04:11:20.747000000","2025-07-20 04:17:32.222000000","Store 067"
"2025-07-20 04:19:39.765242000","2025-07-20 04:26:31.330000000","2025-07-20 04:41:14.082000000","Store 029"
"2025-07-21 00:08:11.019540000","2025-07-21 00:19:30.838000000","2025-07-21 00:31:45.701000000","Store 003"
"2025-07-21 00:15:51.108870000","2025-07-21 00:42:54.307000000","2025-07-21 01:03:09.381000000","Store 234"
"2025-07-21 01:05:48.819047000","2025-07-21 01:20:49.053000000","2025-07-21 01:35:13.637000000","Store 036"
"2025-07-21 01:29:38.183059000","2025-07-21 02:32:32.757000000","2025-07-21 02:54:56.261000000","Store 238"
"2025-07-21 01:33:35.490124000","2025-07-21 02:03:35.437000000","2025-07-21 02:07:50.468000000","Store 275"
"2025-07-21 01:33:38.383240000","2025-07-21 01:52:48.933000000","2025-07-21 02:07:50.469000000","Store 268"
"2025-07-21 01:57:47.006438000","2025-07-21 02:15:41.932000000","2025-07-21 02:25:39.922000000","Store 113"
"2025-07-21 02:27:34.085158000","2025-07-21 02:37:27.544000000","2025-07-21 02:47:44.037000000","Store 262"
"2025-07-21 02:58:03.120988000","2025-07-21 03:04:45.087000000","2025-07-21 03:12:18.563000000","Store 189"
"2025-07-21 03:11:29.473189000","2025-07-21 03:33:38.918000000","2025-07-21 03:41:30.828000000","Store 009"
"2025-07-22 06:22:31.718040000","2025-07-22 18:04:41.683000000","2025-07-22 18:29:57.992000000","Store 272"
"2025-07-22 17:35:54.750590000","2025-07-22 17:41:17.338000000","2025-07-22 17:53:21.019000000","Store 039"
"2025-07-22 18:31:55.489140000","2025-07-22 18:46:28.218000000","2025-07-22 18:58:31.119000000","Store 179"
"2025-07-22 19:09:41.137747000","2025-07-22 19:31:07.262000000","2025-07-22 19:37:49.884000000","Store 144"
"2025-07-23 17:23:58.609499000","2025-07-23 18:33:01.885000000","2025-07-23 18:46:09.870000000","Store 085"
"2025-07-23 17:45:29.840709000","2025-07-23 17:52:45.896000000","2025-07-23 18:09:03.504000000","Store 072"
"2025-07-23 18:49:02.382803000","2025-07-23 19:13:20.597000000","2025-07-23 19:37:18.832000000","Store 087"
"2025-07-23 19:03:20.404151000","2025-07-23 19:13:35.015000000","2025-07-23 19:24:23.383000000","Store 087"
"2025-07-23 19:38:34.825983000","2025-07-23 19:59:02.795000000","2025-07-23 20:29:21.875000000","Store 082"
"2025-07-23 19:48:13.874874000","2025-07-23 20:10:10.082000000","2025-07-23 20:49:21.459000000","Store 227"
"2025-07-23 23:15:01.510441000","2025-07-24 01:37:29.851000000","2025-07-24 01:58:15.442000000","Store 217"
"2025-07-24 00:39:52.849003000","2025-07-24 00:48:50.304000000","2025-07-24 01:09:35.592000000","Store 010"
"2025-07-24 01:10:15.722435000","2025-07-24 01:16:43.550000000","2025-07-24 01:53:37.458000000","Store 254"
"2025-07-24 02:30:38.746039000","2025-07-24 02:42:08.258000000","2025-07-24 03:03:03.885000000","Store 003"
"2025-07-24 02:37:48.262581000","2025-07-24 03:13:04.470000000","2025-07-24 03:28:23.799000000","Store 170"
"2025-07-24 03:44:04.604978000","2025-07-24 03:53:30.011000000","2025-07-24 04:08:52.213000000","Store 065"
"2025-07-29 02:35:48.126666000","2025-07-29 02:54:18.028000000","2025-07-29 03:02:43.638000000","Store 004"
"2025-07-29 02:44:16.619093000","2025-07-29 02:54:35.310000000","2025-07-29 03:11:35.150000000","Store 004"
"2025-07-29 03:09:23.309859000","2025-07-29 03:29:44.346000000","2025-07-29 03:47:43.338000000","Store 186"
"2025-07-29 03:49:26.978342000","2025-07-29 03:57:13.406000000","2025-07-29 04:06:26.531000000","Store 128"
"2025-07-29 03:52:31.761633000","2025-07-29 04:14:41.573000000","2025-07-29 04:31:07.646000000","Store 104"
"2025-07-29 04:14:13.209620000","2025-07-29 04:40:54.312000000","2025-07-29 04:56:10.121000000","Store 129"
"2025-07-29 19:20:48.627718000","2025-07-29 19:45:59.600000000","2025-07-29 20:10:00.666000000","Store 098"
"2025-07-29 19:24:09.117221000","2025-07-29 19:42:41.725000000","2025-07-29 19:58:07.537000000","Store 080"
"2025-07-29 20:13:06.586630000","2025-07-29 20:42:01.771000000","2025-07-29 21:02:50.060000000","Store 192"
"2025-07-30 00:42:42.929300000","2025-07-30 01:15:39.131000000","2025-07-30 01:59:18.555000000","Store 196"
"2025-07-30 00:55:48.660532000","2025-07-30 01:23:21.239000000","2025-07-30 01:46:59.262000000","Store 247"
"2025-07-30 01:55:46.028928000","2025-07-30 02:16:04.625000000","2025-07-30 02:21:32.683000000","Store 269"
"2025-07-30 01:56:47.078412000","2025-07-30 02:28:14.606000000","2025-07-30 02:39:13.052000000","Store 178"
"2025-07-30 18:24:31.733915000","2025-07-30 18:45:41.481000000","2025-07-30 19:18:36.548000000","Store 042"
"2025-07-30 18:30:41.804307000","2025-07-30 18:42:06.843000000","2025-07-30 18:54:02.965000000","Store 270"
"2025-07-30 19:30:49.162532000","2025-07-30 19:58:06.489000000","2025-07-30 20:13:36.143000000","Store 028"
"2025-07-30 20:15:56.485244000","2025-07-30 20:31:30.183000000","2025-07-30 20:47:43.797000000","Store 236"
"2025-07-31 01:44:44.960552000","2025-07-31 02:23:51.781000000","2025-07-31 02:36:17.691000000","Store 014"
"2025-07-31 18:30:26.989246000","2025-07-31 18:54:12.526000000","2025-07-31 19:23:50.499000000","Store 263"
"2025-07-31 18:30:40.345954000","2025-07-31 19:14:25.460000000","2025-07-31 19:23:50.525000000","Store 188"
"2025-07-31 19:11:39.576029000","2025-07-31 19:38:29.831000000","2025-07-31 20:06:56.242000000","Store 056"
"2025-07-31 19:17:40.425639000","2025-07-31 19:38:04.715000000","2025-07-31 19:48:31.575000000","Store 056"
"2025-08-02 04:22:52.094194000","2025-08-02 04:46:26.851000000","2025-08-02 04:53:04.937000000","Store 024"
"2025-08-02 17:48:42.879135000","2025-08-02 17:57:46.313000000","2025-08-02 18:12:08.912000000","Store 118"
"2025-08-02 17:56:57.865430000","2025-08-02 18:29:56.248000000","2025-08-02 18:43:47.414000000","Store 103"
"2025-08-02 18:54:00.991788000","2025-08-02 19:08:09.555000000","2025-08-02 19:19:41.462000000","Store 001"
"2025-08-02 18:59:18.643707000","2025-08-02 19:07:41.555000000","2025-08-02 19:13:33.320000000","Store 001"
"2025-08-02 19:34:07.108829000","2025-08-02 19:49:47.086000000","2025-08-02 19:59:45.250000000","Store 004"
"2025-08-02 19:40:00.131768000","2025-08-02 19:49:59.946000000","2025-08-02 20:13:07.901000000","Store 004"
"2025-08-04 18:13:24.786343000","2025-08-04 18:20:07.368000000","2025-08-04 18:38:12.900000000","Store 174"
"2025-08-04 18:24:49.342668000","2025-08-04 18:49:37.330000000","2025-08-04 19:09:26.624000000","Store 070"
"2025-08-04 18:31:38.958417000","2025-08-04 18:49:48.150000000","2025-08-04 19:09:26.629000000","Store 070"
"2025-08-04 19:12:42.281435000","2025-08-04 19:31:35.524000000","2025-08-04 19:54:38.756000000","Store 068"
"2025-08-04 19:21:22.393131000","2025-08-04 19:31:50.525000000","2025-08-04 19:38:45.281000000","Store 068"
"2025-08-04 19:48:53.980190000","2025-08-04 20:14:50.019000000","2025-08-04 20:34:38.249000000","Store 151"
"2025-08-04 20:19:13.406584000","2025-08-04 21:03:52.298000000","2025-08-04 21:11:38.842000000","Store 073"
"2025-08-07 02:21:47.585456000","2025-08-07 02:36:32.395000000","2025-08-07 02:58:05.142000000","Store 001"
"2025-08-07 02:27:17.897379000","2025-08-07 02:36:47.877000000","2025-08-07 02:49:37.874000000","Store 001"
"2025-08-07 02:49:18.891271000","2025-08-07 03:03:07.292000000","2025-08-07 03:25:31.253000000","Store 092"
"2025-08-07 03:50:24.354488000","2025-08-07 04:17:26.034000000","2025-08-07 04:35:36.351000000","Store 239"
"2025-08-07 04:31:02.239833000","2025-08-07 04:44:02.229000000","2025-08-07 05:13:53.523000000","Store 279"
"2025-08-07 04:42:27.467070000","2025-08-07 04:48:29.464000000","2025-08-07 05:01:06.255000000","Store 017"
"2025-08-07 18:37:55.225857000","2025-08-07 18:51:45.533000000","2025-08-07 19:06:50.714000000","Store 004"
"2025-08-07 19:03:16.072198000","2025-08-07 19:12:29.699000000","2025-08-07 19:55:55.401000000","Store 177"
"2025-08-07 19:05:27.219085000","2025-08-07 19:42:28.778000000","2025-08-07 19:56:18.340000000","Store 271"
"2025-08-08 03:55:12.995645000","2025-08-08 04:06:05.383000000","2025-08-08 04:25:25.059000000","Store 003"
"2025-08-08 04:47:23.528179000","2025-08-08 04:58:24.319000000","2025-08-08 05:14:40.956000000","Store 059"
"2025-08-08 05:10:58.708823000","2025-08-08 05:20:27.032000000","2025-08-08 05:28:05.279000000","Store 156"
"2025-08-08 05:33:13.530730000","2025-08-08 05:48:39.014000000","2025-08-08 05:55:52.758000000","Store 001"
"2025-08-08 06:01:27.712023000","2025-08-08 06:09:04.621000000","2025-08-08 06:19:23.045000000","Store 241"
"2025-08-08 20:06:32.751948000","2025-08-08 20:12:38.671000000","2025-08-08 20:33:51.717000000","Store 050"
"2025-08-08 20:21:14.433470000","2025-08-08 20:41:12.771000000","2025-08-08 21:17:14.475000000","Store 203"
"2025-08-08 20:26:17.322260000","2025-08-08 20:39:05.883000000","2025-08-08 20:55:50.886000000","Store 278"
"2025-08-08 20:55:24.775946000","2025-08-08 21:52:09.522000000","2025-08-08 22:27:07.098000000","Store 085"
"2025-08-08 22:33:14.893951000","2025-08-08 22:51:57.715000000","2025-08-08 22:58:58.591000000","Store 013"
"2025-08-09 01:23:29.278666000","2025-08-09 01:38:37.826000000","2025-08-09 01:49:38.037000000","Store 053"
"2025-08-09 01:40:05.583418000","2025-08-09 01:58:59.893000000","2025-08-09 02:26:58.384000000","Store 042"
"2025-08-09 02:21:16.351859000","2025-08-09 02:35:28.453000000","2025-08-09 02:51:17.343000000","Store 183"
"2025-08-09 02:53:15.879413000","2025-08-09 03:23:22.714000000","2025-08-09 03:49:40.396000000","Store 162"
"2025-08-09 03:04:35.920131000","2025-08-09 03:15:44.541000000","2025-08-09 03:40:36.444000000","Store 264"
"2025-08-09 03:38:12.141989000","2025-08-09 04:02:11.043000000","2025-08-09 04:10:30.382000000","Store 182"
"2025-08-10 06:15:40.977714000","2025-08-10 06:25:53.396000000","2025-08-10 06:41:29.505000000","Store 001"
"2025-08-10 07:14:08.846086000","2025-08-10 07:30:05.987000000","2025-08-10 07:37:34.371000000","Store 249"
"2025-08-10 07:54:16.681259000","2025-08-10 08:03:02.737000000","2025-08-10 08:10:28.334000000","Store 081"
"2025-08-10 08:10:01.791124000","2025-08-10 08:25:02.836000000","2025-08-10 08:35:10.471000000","Store 081"
"2025-08-10 09:25:41.179983000","2025-08-10 09:38:12.099000000","2025-08-10 09:48:24.154000000","Store 055"
"2025-08-10 09:51:24.443112000","2025-08-10 10:05:56.143000000","2025-08-10 10:13:41.935000000","Store 055"
"2025-08-10 10:13:05.627759000","2025-08-10 10:30:24.555000000","2025-08-10 10:48:32.349000000","Store 062"
"2025-08-10 10:23:55.803504000","2025-08-10 10:32:16.436000000","2025-08-10 10:41:41.347000000","Store 062"
"2025-08-10 10:38:15.262709000","2025-08-10 11:02:36.087000000","2025-08-10 11:09:23.370000000","Store 038"
"2025-08-10 10:42:35.252304000","2025-08-10 11:03:22.562000000","2025-08-10 11:15:39.002000000","Store 038"
"2025-08-10 11:13:33.668247000","2025-08-10 11:25:19.147000000","2025-08-10 11:30:32.723000000","Store 123"
"2025-08-10 19:36:23.699092000","2025-08-10 20:02:53.302000000","2025-08-10 20:19:34.917000000","Store 280"
"2025-08-10 20:21:38.945336000","2025-08-10 20:28:30.727000000","2025-08-10 20:36:33.005000000","Store 221"
"2025-08-10 20:32:17.896417000","2025-08-10 20:55:04.980000000","2025-08-10 21:16:20.617000000","Store 142"
"2025-08-12 01:00:23.143023000","2025-08-12 01:05:22.229000000","2025-08-12 01:20:42.573000000","Store 059"
"2025-08-12 01:13:03.013315000","2025-08-12 01:35:29.091000000","2025-08-12 01:51:49.150000000","Store 011"
"2025-08-12 01:20:53.980976000","2025-08-12 01:32:15.201000000","2025-08-12 02:02:25.267000000","Store 093"
"2025-08-12 02:07:20.518499000","2025-08-12 02:14:21.528000000","2025-08-12 02:33:36.718000000","Store 204"
"2025-08-12 02:45:21.348735000","2025-08-12 02:56:55.377000000","2025-08-12 03:14:37.805000000","Store 187"
"2025-08-12 03:11:13.488679000","2025-08-12 03:28:33.945000000","2025-08-12 03:43:31.621000000","Store 098"
"2025-08-12 20:58:13.085578000","2025-08-12 21:17:30.669000000","2025-08-12 21:28:18.307000000","Store 147"
"2025-08-14 01:10:03.453833000","2025-08-14 01:15:45.897000000","2025-08-14 01:39:14.375000000","Store 265"
"2025-08-14 01:49:02.804644000","2025-08-14 02:07:12.412000000","2025-08-14 02:17:10.427000000","Store 077"
"2025-08-14 02:06:38.324553000","2025-08-14 02:31:51.157000000","2025-08-14 02:45:05.187000000","Store 026"
"2025-08-14 02:13:57.372069000","2025-08-14 02:36:01.761000000","2025-08-14 02:53:39.661000000","Store 026"
"2025-08-14 02:58:03.784324000","2025-08-14 03:14:37.095000000","2025-08-14 03:33:38.660000000","Store 043"
"2025-08-15 00:44:56.155960000","2025-08-15 01:07:15.443000000","2025-08-15 01:11:03.173000000","Store 126"
"2025-08-15 01:10:58.809191000","2025-08-15 01:22:06.555000000","2025-08-15 01:45:40.136000000","Store 063"
"2025-08-15 01:12:51.208306000","2025-08-15 01:32:26.640000000","2025-08-15 01:45:40.133000000","Store 061"
"2025-08-15 01:37:11.849810000","2025-08-15 02:01:41.055000000","2025-08-15 02:07:05.311000000","Store 026"
"2025-08-15 01:58:30.062472000","2025-08-15 02:16:02.266000000","2025-08-15 02:28:46.587000000","Store 235"
"2025-08-15 02:44:44.280013000","2025-08-15 03:04:53.051000000","2025-08-15 03:26:03.137000000","Store 133"
"2025-08-15 02:46:19.847963000","2025-08-15 03:20:56.669000000","2025-08-15 03:29:04.245000000","Store 212"
"2025-08-15 03:19:32.671078000","2025-08-15 03:35:06.866000000","2025-08-15 03:48:31.059000000","Store 159"
"2025-08-15 19:12:07.660701000","2025-08-15 19:19:02.115000000","2025-08-15 19:38:56.757000000","Store 041"
"2025-08-15 19:12:39.691024000","2025-08-15 19:25:41.133000000","2025-08-15 19:53:29.045000000","Store 041"
"2025-08-15 19:51:37.385169000","2025-08-15 20:02:51.480000000","2025-08-15 20:13:58.601000000","Store 122"
"2025-08-16 03:59:04.329958000","2025-08-16 04:20:24.812000000","2025-08-16 04:43:43.459000000","Store 037"
"2025-08-16 03:59:16.828956000","2025-08-16 04:14:15.144000000","2025-08-16 04:33:28.985000000","Store 009"
"2025-08-16 05:02:44.563436000","2025-08-16 05:14:55.433000000","2025-08-16 05:18:55.446000000","Store 025"
"2025-08-16 05:29:21.617739000","2025-08-16 05:43:30.035000000","2025-08-16 05:51:22.663000000","Store 003"
"2025-08-16 05:38:41.931488000","2025-08-16 05:43:49.093000000","2025-08-16 06:29:38.297000000","Store 003"
"2025-08-16 06:14:36.504062000","2025-08-16 06:41:58.784000000","2025-08-16 06:57:18.583000000","Store 021"
"2025-08-16 19:05:28.531739000","2025-08-16 19:19:04.829000000","2025-08-16 19:28:55.233000000","Store 243"
"2025-08-16 19:05:30.167991000","2025-08-16 19:09:18.700000000","2025-08-16 19:28:55.234000000","Store 213"
"2025-08-16 23:28:34.727745000","2025-08-17 00:28:07.012000000","2025-08-17 00:46:10.757000000","Store 097"
"2025-08-16 23:59:20.088398000","2025-08-17 00:16:35.473000000","2025-08-17 00:32:45.149000000","Store 097"
"2025-08-17 00:56:39.932695000","2025-08-17 01:22:05.223000000","2025-08-17 01:31:18.754000000","Store 076"
"2025-08-17 01:07:54.951626000","2025-08-17 01:19:37.971000000","2025-08-17 01:36:07.400000000","Store 276"
"2025-08-17 01:39:45.124957000","2025-08-17 01:46:08.069000000","2025-08-17 02:05:05.862000000","Store 201"
"2025-08-17 02:15:14.319134000","2025-08-17 02:39:50.082000000","2025-08-17 02:51:59.553000000","Store 012"
"2025-08-17 02:43:00.575934000","2025-08-17 03:17:48.910000000","2025-08-17 03:25:10.993000000","Store 120"
"2025-08-17 03:21:26.050762000","2025-08-17 03:33:34.510000000","2025-08-17 03:48:56.129000000","Store 114"
"2025-08-17 03:23:03.053942000","2025-08-17 03:36:40.181000000","2025-08-17 03:48:56.125000000","Store 108"
"2025-08-17 04:15:04.550680000","2025-08-17 04:26:06.607000000","2025-08-17 04:42:47.582000000","Store 001"
"2025-08-17 19:51:00.382416000","2025-08-17 20:07:14.863000000","2025-08-17 20:16:38.365000000","Store 035"
"2025-08-17 23:20:22.264870000","2025-08-18 02:17:00.819000000","2025-08-18 02:26:25.715000000","Store 252"
"2025-08-18 00:43:54.121025000","2025-08-18 00:53:35.214000000","2025-08-18 01:13:51.982000000","Store 002"
"2025-08-18 01:11:45.646038000","2025-08-18 01:26:07.221000000","2025-08-18 01:45:07.746000000","Store 191"
"2025-08-18 02:26:11.185054000","2025-08-18 02:58:09.143000000","2025-08-18 03:14:36.317000000","Store 202"
"2025-08-18 02:28:23.667059000","2025-08-18 02:40:23.123000000","2025-08-18 03:14:06.476000000","Store 106"
"2025-08-18 03:14:04.693559000","2025-08-18 03:26:41.733000000","2025-08-18 03:38:07.444000000","Store 158"
"2025-08-18 16:57:16.702181000","2025-08-18 17:05:29.104000000","2025-08-18 17:13:08.547000000","Store 245"
"2025-08-18 17:21:03.895155000","2025-08-18 17:28:22.099000000","2025-08-18 17:45:54.853000000","Store 043"
"2025-08-18 18:14:15.581399000","2025-08-18 18:32:33.888000000","2025-08-18 18:40:15.661000000","Store 016"
"2025-08-18 18:40:40.437378000","2025-08-18 18:56:24.015000000","2025-08-18 19:06:29.205000000","Store 117"
"2025-08-18 18:58:55.635871000","2025-08-18 19:19:06.750000000","2025-08-18 19:29:51.995000000","Store 088"
"2025-08-18 19:01:32.510424000","2025-08-18 19:19:26.780000000","2025-08-18 19:38:16.809000000","Store 088"
"2025-08-18 19:34:07.136811000","2025-08-18 19:54:40.756000000","2025-08-18 20:08:35.662000000","Store 015"
"2025-08-18 19:43:38.774619000","2025-08-18 20:14:38.024000000","2025-08-18 20:19:30.497000000","Store 073"
"2025-08-18 20:05:22.400151000","2025-08-18 20:44:14.297000000","2025-08-18 21:05:27.995000000","Store 046"
"2025-08-18 20:29:20.754661000","2025-08-18 20:36:35.231000000","2025-08-18 21:05:22.099000000","Store 224"
"2025-08-18 21:01:30.558350000","2025-08-18 21:12:09.258000000","2025-08-18 21:26:05.175000000","Store 048"
"2025-08-19 16:27:02.953293000","2025-08-19 16:45:34.087000000","2025-08-19 16:55:38.200000000","Store 255"
"2025-08-19 19:13:59.077994000","2025-08-19 19:26:15.201000000","2025-08-19 19:53:21.584000000","Store 032"
"2025-08-19 19:18:16.581738000","2025-08-19 19:27:33.251000000","2025-08-19 19:37:05.076000000","Store 002"
"2025-08-19 19:45:07.611829000","2025-08-19 20:03:36.853000000","2025-08-19 20:16:49.232000000","Store 100"
"2025-08-20 00:16:57.246879000","2025-08-20 00:32:15.607000000","2025-08-20 00:42:16.263000000","Store 018"
"2025-08-20 00:19:32.139120000","2025-08-20 00:24:49.184000000","2025-08-20 00:42:16.265000000","Store 054"
"2025-08-20 00:49:24.974240000","2025-08-20 01:03:23.079000000","2025-08-20 01:31:13.667000000","Store 035"
"2025-08-20 01:17:31.846336000","2025-08-20 01:45:35.513000000","2025-08-20 01:59:26.223000000","Store 005"
"2025-08-20 01:54:06.418796000","2025-08-20 02:12:53.049000000","2025-08-20 02:19:41.673000000","Store 161"
"2025-08-20 02:14:51.127593000","2025-08-20 02:26:29.223000000","2025-08-20 02:33:24.352000000","Store 198"
"2025-08-20 02:32:54.080014000","2025-08-20 02:53:00.255000000","2025-08-20 03:21:59.248000000","Store 274"
"2025-08-20 02:38:51.486713000","2025-08-20 02:57:01.293000000","2025-08-20 03:34:17.512000000","Store 195"
"2025-08-20 16:24:06.269717000","2025-08-21 18:38:29.255000000","2025-08-21 18:58:19.186000000","Store 034"
"2025-08-20 18:06:12.595646000","2025-08-20 18:26:43.580000000","2025-08-20 18:36:59.656000000","Store 283"
"2025-08-20 18:12:11.626910000","2025-08-20 18:29:30.108000000","2025-08-20 18:51:56.286000000","Store 253"
"2025-08-20 18:47:52.331236000","2025-08-20 19:05:46.567000000","2025-08-20 19:20:34.983000000","Store 134"
"2025-08-20 19:24:11.586915000","2025-08-20 19:44:04.308000000","2025-08-20 19:53:55.550000000","Store 193"
"2025-08-21 00:59:25.007265000","2025-08-21 18:38:34.612000000","2025-08-21 18:55:15.586000000","Store 034"
"2025-08-21 18:43:24.999015000","2025-08-21 19:06:59.029000000","2025-08-21 19:41:10.113000000","Store 005"
"2025-08-21 18:56:11.465741000","2025-08-21 19:08:43.603000000","2025-08-21 19:21:17.920000000","Store 069"
"2025-08-21 19:44:08.240171000","2025-08-21 19:51:09.735000000","2025-08-21 20:07:11.195000000","Store 171"
"2025-08-22 01:14:11.764963000","2025-08-22 01:27:42.190000000","2025-08-22 01:37:24.432000000","Store 012"
"2025-08-22 01:16:07.403730000","2025-08-22 01:30:51.909000000","2025-08-22 01:42:32.961000000","Store 012"
"2025-08-22 02:05:25.420410000","2025-08-22 02:14:23.205000000","2025-08-22 02:21:38.441000000","Store 013"
"2025-08-22 02:33:48.262411000","2025-08-22 02:41:30.162000000","2025-08-22 02:56:59.231000000","Store 030"
"2025-08-22 02:49:04.387050000","2025-08-22 03:12:26.216000000","2025-08-22 03:39:55.502000000","Store 172"
"2025-08-22 02:51:29.581998000","2025-08-22 03:09:40.706000000","2025-08-22 03:25:25.949000000","Store 250"
"2025-08-22 03:29:51.961794000","2025-08-22 03:50:33.463000000","2025-08-22 03:57:20.309000000","Store 266"
"2025-08-22 17:53:33.479040000","2025-08-22 18:35:26.230000000","2025-08-22 19:05:26.976000000","Store 282"
"2025-08-22 18:27:11.841480000","2025-08-22 18:42:37.093000000","2025-08-22 18:47:27.862000000","Store 017"
"2025-08-22 19:01:17.978039000","2025-08-22 19:13:27.547000000","2025-08-22 19:19:13.240000000","Store 022"
"2025-08-22 19:09:23.670362000","2025-08-22 20:01:49.026000000","2025-08-22 20:17:27.440000000","Store 225"
"2025-08-22 19:17:30.464467000","2025-08-22 19:27:37.875000000","2025-08-22 19:45:58.020000000","Store 095"
"2025-08-22 19:39:40.828204000","2025-08-22 19:55:49.878000000","2025-08-22 20:13:12.502000000","Store 194"
"2025-08-23 00:45:20.264846000","2025-08-23 01:02:40.438000000","2025-08-23 01:22:37.784000000","Store 049"
"2025-08-23 01:25:47.854731000","2025-08-23 01:44:00.086000000","2025-08-23 01:52:35.247000000","Store 205"
"2025-08-23 01:46:40.290082000","2025-08-23 02:00:45.220000000","2025-08-23 02:14:46.921000000","Store 066"
"2025-08-23 01:50:37.516599000","2025-08-23 02:08:24.076000000","2025-08-23 02:14:46.924000000","Store 152"
"2025-08-23 02:21:20.429525000","2025-08-23 02:39:53.458000000","2025-08-23 02:53:56.806000000","Store 021"
"2025-08-23 03:05:04.643793000","2025-08-23 03:10:52.378000000","2025-08-23 03:17:06.110000000","Store 139"
"2025-08-23 03:23:19.840915000","2025-08-23 03:36:55.531000000","2025-08-23 03:58:22.579000000","Store 010"
"2025-08-23 03:40:39.568760000","2025-08-23 04:13:56.594000000","2025-08-23 04:33:13.406000000","Store 033"
"2025-08-23 17:30:35.278398000","2025-08-23 17:53:01.013000000","2025-08-23 18:03:32.454000000","Store 165"
"2025-08-23 18:12:59.819267000","2025-08-23 18:19:51.419000000","2025-08-23 18:35:03.435000000","Store 017"
"2025-08-24 01:15:11.043968000","2025-08-24 20:44:24.564000000","2025-08-24 21:05:54.204000000","Store 149"
"2025-08-24 18:30:42.794055000","2025-08-24 18:43:57.874000000","2025-08-24 19:05:57.041000000","Store 006"
"2025-08-24 18:32:13.593189000","2025-08-24 18:42:29.009000000","2025-08-24 18:57:25.590000000","Store 214"
"2025-08-24 19:03:31.505739000","2025-08-24 19:21:42.206000000","2025-08-24 19:37:30.847000000","Store 184"
"2025-08-24 19:12:54.088380000","2025-08-24 19:19:40.086000000","2025-08-24 19:42:05.587000000","Store 064"
"2025-08-24 19:20:28.831909000","2025-08-24 19:49:30.723000000","2025-08-24 20:07:34.922000000","Store 163"
"2025-08-24 20:15:20.693128000","2025-08-24 20:41:52.605000000","2025-08-24 21:00:46.004000000","Store 110"
"2025-08-25 00:25:13.458581000","2025-08-25 00:54:58.481000000","2025-08-25 01:23:21.365000000","Store 015"
"2025-08-25 00:39:20.660483000","2025-08-25 00:51:46.714000000","2025-08-25 01:11:05.213000000","Store 002"
"2025-08-25 01:19:29.171152000","2025-08-25 01:37:52.172000000","2025-08-25 01:46:07.165000000","Store 140"
"2025-08-25 01:38:42.472375000","2025-08-25 01:53:42.742000000","2025-08-25 02:03:24.841000000","Store 256"
"2025-08-25 02:03:01.616719000","2025-08-25 02:20:35.137000000","2025-08-25 02:36:56.891000000","Store 033"
"2025-08-25 02:36:55.115203000","2025-08-25 02:44:55.573000000","2025-08-25 02:50:37.752000000","Store 065"
"2025-08-25 02:53:03.855672000","2025-08-25 03:02:06.857000000","2025-08-25 03:10:03.273000000","Store 008"
"2025-08-25 03:04:57.511710000","2025-08-25 03:24:35.746000000","2025-08-25 03:29:32.110000000","Store 209"
"2025-08-25 03:05:53.687815000","2025-08-25 03:15:51.228000000","2025-08-25 03:46:28.487000000","Store 251"
"2025-08-25 03:52:57.730337000","2025-08-25 04:06:22.090000000","2025-08-25 04:15:12.049000000","Store 071"
"2025-08-25 03:54:26.981322000","2025-08-25 04:05:44.680000000","2025-08-25 04:27:26.694000000","Store 071"
"2025-08-26 00:13:56.023637000","2025-08-26 01:19:50.777000000","2025-08-26 01:39:27.592000000","Store 232"
"2025-08-26 01:05:31.414471000","2025-08-26 01:24:04.142000000","2025-08-26 01:45:23.534000000","Store 009"
"2025-08-26 01:35:58.373365000","2025-08-26 01:52:38.249000000","2025-08-26 02:23:53.457000000","Store 019"
"2025-08-26 01:38:27.549598000","2025-08-26 01:57:27.438000000","2025-08-26 02:17:01.492000000","Store 011"
"2025-08-26 02:37:11.882047000","2025-08-26 02:47:27.703000000","2025-08-26 02:52:24.840000000","Store 119"
"2025-08-26 02:48:08.289267000","2025-08-26 03:07:22.645000000","2025-08-26 03:14:31.747000000","Store 005"
"2025-08-26 03:11:58.063990000","2025-08-26 03:27:42.230000000","2025-08-26 03:53:55.476000000","Store 005"
"2025-08-26 03:14:48.435035000","2025-08-26 03:28:34.799000000","2025-08-26 03:36:30.966000000","Store 005"
"2025-08-26 17:36:44.336601000","2025-08-26 19:00:59.665000000","2025-08-26 19:20:03.539000000","Store 016"
"2025-08-26 18:10:31.945497000","2025-08-26 18:23:37.419000000","2025-08-26 18:38:51.962000000","Store 022"
"2025-08-26 18:45:26.813116000","2025-08-26 18:55:37.146000000","2025-08-26 19:10:54.968000000","Store 052"
"2025-08-26 19:10:14.392690000","2025-08-26 19:31:08.528000000","2025-08-26 19:53:03.737000000","Store 021"
"2025-08-26 19:23:15.898012000","2025-08-26 19:39:41.638000000","2025-08-26 19:54:38.226000000","Store 112"
"2025-08-26 19:38:57.105059000","2025-08-26 20:55:48.278000000","2025-08-26 21:03:44.416000000","Store 211"
"2025-08-26 19:47:09.063239000","2025-08-26 20:12:40.504000000","2025-08-26 20:33:54.364000000","Store 281"
"2025-08-26 20:03:52.451755000","2025-08-26 20:17:40.644000000","2025-08-26 20:29:06.556000000","Store 124"
"2025-08-26 21:06:42.071460000","2025-08-26 21:31:31.883000000","2025-08-26 22:00:37.635000000","Store 011"
"2025-08-27 17:40:26.800469000","2025-08-28 18:38:52.748000000","2025-08-28 18:53:07.325000000","Store 034"
"2025-08-27 18:45:41.813868000","2025-08-27 19:12:00.659000000","2025-08-27 19:26:52.227000000","Store 015"
"2025-08-27 18:58:54.818206000","2025-08-27 19:09:55.400000000","2025-08-27 19:22:43.688000000","Store 049"
"2025-08-27 19:16:12.025057000","2025-08-27 19:35:09.859000000","2025-08-27 20:07:12.376000000","Store 176"
"2025-08-27 19:27:19.708320000","2025-08-27 19:47:35.312000000","2025-08-27 20:12:03.030000000","Store 109"
"2025-08-27 20:30:07.849993000","2025-08-27 20:43:56.013000000","2025-08-27 20:54:36.062000000","Store 007"
"2025-08-27 20:56:00.696828000","2025-08-27 21:20:40.664000000","2025-08-27 21:27:16.175000000","Store 145"
"2025-08-27 20:57:34.331280000","2025-08-27 21:16:17.290000000","2025-08-27 21:26:46.710000000","Store 044"
"2025-08-27 21:25:54.201024000","2025-08-27 21:34:44.546000000","2025-08-27 22:03:18.628000000","Store 092"
"2025-08-28 00:43:34.762611000","2025-08-28 00:59:03.000000000","2025-08-28 01:24:26.488000000","Store 006"
"2025-08-28 00:46:10.424616000","2025-08-28 01:06:40.404000000","2025-08-28 01:34:15.481000000","Store 072"
"2025-08-28 01:18:54.080086000","2025-08-28 01:44:21.535000000","2025-08-28 01:53:45.009000000","Store 074"
"2025-08-28 01:34:15.627062000","2025-08-28 01:44:11.218000000","2025-08-28 02:10:59.009000000","Store 074"
"2025-08-28 02:03:40.462006000","2025-08-28 02:21:50.686000000","2025-08-28 02:35:43.430000000","Store 060"
"2025-08-28 02:13:48.970415000","2025-08-28 02:22:36.188000000","2025-08-28 02:27:28.391000000","Store 060"
"2025-08-28 02:20:44.819833000","2025-08-28 04:27:05.567000000","2025-08-28 04:43:09.215000000","Store 029"
"2025-08-28 02:33:30.343776000","2025-08-28 02:41:27.618000000","2025-08-28 02:46:17.333000000","Store 273"
"2025-08-28 02:55:02.356927000","2025-08-28 03:09:58.059000000","2025-08-28 03:24:13.826000000","Store 137"
"2025-08-28 03:20:45.475432000","2025-08-28 03:36:12.155000000","2025-08-28 03:55:33.746000000","Store 207"
"2025-08-28 03:35:32.948973000","2025-08-28 03:59:32.151000000","2025-08-28 04:07:46.432000000","Store 020"
"2025-08-28 04:25:28.208336000","2025-08-28 04:54:50.901000000","2025-08-28 05:15:14.132000000","Store 125"
"2025-08-28 18:30:15.189578000","2025-08-28 18:43:14.534000000","2025-08-28 19:08:24.828000000","Store 095"
"2025-08-28 18:36:56.360703000","2025-08-28 19:24:31.425000000","2025-08-28 19:34:46.460000000","Store 219"
"2025-08-28 19:28:41.966783000","2025-08-28 19:43:22.904000000","2025-08-28 20:13:27.156000000","Store 089"
"2025-08-28 20:35:24.073685000","2025-08-28 20:44:30.585000000","2025-08-28 20:51:27.533000000","Store 141"
"2025-08-29 00:17:04.666893000","2025-08-29 00:33:48.400000000","2025-08-29 00:49:31.967000000","Store 009"
"2025-08-29 00:35:29.673360000","2025-08-29 01:08:12.373000000","2025-08-29 01:30:23.643000000","Store 033"
"2025-08-29 01:38:23.987198000","2025-08-29 02:01:05.698000000","2025-08-29 02:26:23.047000000","Store 045"
"2025-08-29 01:40:42.299577000","2025-08-29 02:01:19.763000000","2025-08-29 02:20:45.046000000","Store 045"
"2025-08-29 02:34:29.624187000","2025-08-29 02:46:21.414000000","2025-08-29 03:00:12.979000000","Store 218"
"2025-08-29 03:14:18.454641000","2025-08-29 03:29:11.513000000","2025-08-29 03:58:30.867000000","Store 003"
"2025-08-29 04:04:42.047359000","2025-08-29 04:09:07.766000000","2025-08-29 04:20:14.155000000","Store 038"
"2025-08-30 18:52:22.141928000","2025-08-30 19:07:44.372000000","2025-08-30 19:18:31.878000000","Store 107"
"2025-08-30 18:54:38.522415000","2025-08-30 19:03:21.858000000","2025-08-30 19:15:20.777000000","Store 044"
"2025-08-30 19:21:03.771792000","2025-08-30 19:33:56.550000000","2025-08-30 19:49:02.922000000","Store 022"
"2025-08-30 19:43:21.414837000","2025-08-30 20:14:08.344000000","2025-08-30 20:33:57.217000000","Store 046"
"2025-08-30 19:51:04.493494000","2025-08-30 20:07:39.091000000","2025-08-30 20:19:11.713000000","Store 094"
"2025-08-30 20:42:57.668484000","2025-08-30 20:53:49.569000000","2025-08-30 21:11:53.256000000","Store 036"
"2025-08-30 21:09:14.689548000","2025-08-30 21:23:54.604000000","2025-08-30 21:44:22.072000000","Store 048"
"2025-08-31 01:23:29.240485000","2025-08-31 01:49:56.646000000","2025-08-31 02:03:55.643000000","Store 153"
"2025-08-31 02:03:02.807325000","2025-08-31 02:15:58.366000000","2025-08-31 02:28:09.126000000","Store 136"
"2025-08-31 02:08:58.250920000","2025-08-31 02:14:14.543000000","2025-08-31 02:28:03.855000000","Store 083"
"2025-08-31 02:20:46.883121000","2025-08-31 02:44:22.428000000","2025-08-31 02:56:04.206000000","Store 061"
"2025-08-31 02:48:45.939519000","2025-08-31 03:00:02.023000000","2025-08-31 03:18:50.737000000","Store 210"
"2025-08-31 18:20:58.277230000","2025-08-31 18:44:44.639000000","2025-08-31 18:59:32.039000000","Store 226"
"2025-08-31 19:06:05.303977000","2025-08-31 19:24:39.626000000","2025-08-31 19:34:41.618000000","Store 093"
"2025-08-31 19:22:29.699345000","2025-08-31 19:43:22.235000000","2025-08-31 19:55:07.667000000","Store 040"
"2025-08-31 19:40:52.743123000","2025-08-31 20:12:09.128000000","2025-08-31 20:21:23.281000000","Store 040"
"2025-08-31 19:55:31.326903000","2025-08-31 20:08:17.503000000","2025-08-31 20:18:02.381000000","Store 069"
"2025-08-31 20:32:47.497527000","2025-08-31 20:43:49.300000000","2025-08-31 20:56:22.005000000","Store 016"
"2025-08-31 20:44:28.726253000","2025-08-31 21:11:37.917000000","2025-08-31 21:32:53.453000000","Store 197"
"2025-09-01 00:00:39.568578000","2025-09-01 00:33:20.193000000","2025-09-01 00:53:29.738000000","Store 011"
"2025-09-01 00:23:10.758020000","2025-09-01 01:04:38.604000000","2025-09-01 01:15:37.592000000","Store 148"
"2025-09-01 00:23:59.458154000","2025-09-01 00:31:04.462000000","2025-09-01 00:45:32.826000000","Store 257"
"2025-09-01 00:44:26.901500000","2025-09-01 01:02:55.833000000","2025-09-01 01:23:31.549000000","Store 099"
"2025-09-01 01:27:15.483677000","2025-09-01 01:40:48.315000000","2025-09-01 01:59:39.826000000","Store 116"
"2025-09-01 01:30:13.548327000","2025-09-01 01:38:58.009000000","2025-09-01 01:51:39.265000000","Store 064"
"2025-09-01 02:10:56.070251000","2025-09-01 02:21:08.804000000","2025-09-01 02:35:09.770000000","Store 019"
"2025-09-01 02:11:31.659151000","2025-09-01 02:21:44.835000000","2025-09-01 02:43:58.696000000","Store 019"
"2025-09-01 02:45:14.645927000","2025-09-01 02:58:36.156000000","2025-09-01 03:12:31.469000000","Store 208"
"2025-09-01 03:03:58.693219000","2025-09-01 03:17:52.898000000","2025-09-01 03:27:52.392000000","Store 066"
"2025-09-01 03:16:43.326881000","2025-09-01 03:46:59.674000000","2025-09-01 03:51:09.678000000","Store 132"
"2025-09-01 03:26:54.854418000","2025-09-01 03:44:39.550000000","2025-09-01 03:54:29.017000000","Store 040"
"2025-09-01 03:44:18.796040000","2025-09-01 04:17:58.699000000","2025-09-01 04:43:12.925000000","Store 230"
